lineage	non_spike_mutations
A	4.
A.1	6.
A.18	8.
A.19	8.
A.2	8.
A.21	8.
A.23	15.
A.23.1	16.
A.2.5	25.
A.25	8.
A.2.5.1	27.
A.2.5.2	28.
A.2.5.3	27.
A.27	19.
A.28	18.
A.29	19.
A.3	13.
A.5	4.
AD.2	17.
AE.1	10.
AE.8	14.
AT.1	28.
AU.2	21.
AU.3	20.
AY.1	25.
AY.10	26.
AY.100	29.
AY.101	31.
AY.102	29.
AY.102.1	32.
AY.102.2	34.
AY.103	27.
AY.104	27.
AY.105	27.
AY.106	26.
AY.107	27.
AY.108	30.
AY.109	28.
AY.11	25.
AY.110	26.
AY.111	26.
AY.112	26.
AY.113	30.
AY.114	28.
AY.116	26.
AY.116.1	29.
AY.117	30.
AY.118	28.
AY.119	27.
AY.119.1	35.
AY.119.2	27.
AY.120	27.
AY.120.1	28.
AY.120.2	28.
AY.120.2.1	31.
AY.121	29.
AY.121.1	37.
AY.122	26.
AY.122.1	30.
AY.122.2	28.
AY.122.3	33.
AY.123	32.
AY.123.1	34.
AY.124	28.
AY.124.1	33.
AY.125	32.
AY.126	30.
AY.127	28.
AY.127.1	34.
AY.128	29.
AY.129	28.
AY.13	26.
AY.131	29.
AY.132	40.
AY.133	29.
AY.14	26.
AY.15	26.
AY.16	25.
AY.16.1	30.
AY.17	27.
AY.19	26.
AY.2	28.
AY.20	27.
AY.20.1	34.
AY.22	30.
AY.23	28.
AY.23.1	36.
AY.24	21.
AY.25	28.
AY.25.1	30.
AY.25.1.1	32.
AY.26	23.
AY.26.1	28.
AY.27	23.
AY.28	27.
AY.29	28.
AY.29.1	28.
AY.3	29.
AY.30	30.
AY.3.1	34.
AY.3.2	34.
AY.32	28.
AY.3.3	36.
AY.33	25.
AY.33.1	32.
AY.34	32.
AY.34.1	34.
AY.34.1.1	36.
AY.34.2	36.
AY.35	25.
AY.36	30.
AY.37	23.
AY.38	24.
AY.39	27.
AY.39.1	28.
AY.39.1.1	29.
AY.39.1.2	31.
AY.39.1.3	30.
AY.39.2	31.
AY.4	26.
AY.40	33.
AY.4.1	30.
AY.41	34.
AY.4.10	36.
AY.4.2	28.
AY.42	29.
AY.4.2.1	31.
AY.42.1	32.
AY.4.2.2	29.
AY.4.2.3	29.
AY.4.3	26.
AY.43	27.
AY.43.1	31.
AY.43.2	30.
AY.43.3	30.
AY.43.4	30.
AY.43.5	33.
AY.43.6	33.
AY.43.7	30.
AY.4.4	30.
AY.44	28.
AY.4.5	28.
AY.45	27.
AY.4.6	31.
AY.46	27.
AY.46.1	28.
AY.46.2	28.
AY.46.3	31.
AY.46.4	27.
AY.46.5	29.
AY.46.6	29.
AY.4.7	31.
AY.47	24.
AY.4.8	31.
AY.48	24.
AY.4.9	30.
AY.49	28.
AY.5	26.
AY.50	27.
AY.5.1	28.
AY.51	26.
AY.5.2	29.
AY.52	28.
AY.5.3	28.
AY.53	27.
AY.5.4	28.
AY.54	28.
AY.5.5	30.
AY.55	21.
AY.56	23.
AY.57	22.
AY.58	24.
AY.59	23.
AY.6	27.
AY.60	27.
AY.61	21.
AY.62	23.
AY.63	31.
AY.64	30.
AY.65	24.
AY.66	24.
AY.67	24.
AY.68	29.
AY.69	28.
AY.7	31.
AY.70	24.
AY.7.1	33.
AY.71	23.
AY.7.2	33.
AY.72	25.
AY.73	27.
AY.74	25.
AY.75	21.
AY.75.2	26.
AY.75.3	27.
AY.76	27.
AY.77	27.
AY.78	29.
AY.79	26.
AY.8	25.
AY.80	30.
AY.81	31.
AY.82	27.
AY.83	28.
AY.84	27.
AY.85	32.
AY.86	28.
AY.87	31.
AY.88	27.
AY.9	21.
AY.90	31.
AY.91	29.
AY.91.1	33.
AY.9.2	24.
AY.92	27.
AY.9.2.2	26.
AY.93	28.
AY.94	30.
AY.95	26.
AY.98	27.
AY.98.1	31.
AY.99	28.
AY.99.1	29.
AY.99.2	31.
AZ.1	25.
AZ.2	26.
AZ.3	24.
AZ.4	24.
AZ.5	25.
B	-0.5
B.1	6.5
B.1.1	6.
B.1.1.1	11.
B.1.1.10	8.
B.1.110	5.
B.1.1.101	8.
B.1.110.3	7.
B.1.111	6.
B.1.1.111	8.
B.1.1.115	8.
B.1.1.117	7.
B.1.1.121	7.
B.1.1.133	10.
B.1.1.135	7.
B.1.1.141	7.
B.1.1.153	12.
B.1.1.157	9.
B.1.1.159	11.
B.1.1.161	6.
B.1.1.163	9.
B.1.1.170	13.
B.1.1.171	8.
B.1.1.174	7.
B.1.1.176	11.
B.1.1.181	8.
B.1.1.186	8.
B.1.1.189	8.
B.1.1.192	8.
B.1.1.198	9.
B.1.1.203	7.
B.1.1.205	8.
B.1.1.207	12.
B.1.1.214	10.
B.1.1.216	9.
B.1.1.220	8.
B.1.1.221	9.
B.1.1.222	8.
B.1.1.228	10.
B.1.1.231	8.
B.1.1.232	9.
B.1.1.241	11.
B.1.1.243	9.
B.1.1.25	8.
B.1.1.253	7.
B.1.1.254	7.
B.1.126	6.
B.1.1.263	8.
B.1.1.265	8.
B.1.1.269	10.
B.1.1.27	8.
B.1.1.273	8.
B.1.1.274	7.
B.1.1.277	12.
B.1.1.279	10.
B.1.1.28	7.5
B.1.128	7.
B.1.1.284	13.
B.1.1.291	9.
B.1.1.294	9.
B.1.1.297	8.
B.1.1.298	8.
B.1.1.301	9.
B.1.1.302	13.
B.1.1.304	8.
B.1.1.305	8.
B.1.1.306	9.
B.1.1.307	9.
B.1.1.311	9.
B.1.1.312	12.
B.1.1.315	15.
B.1.1.316	11.
B.1.1.317	8.
B.1.1.318	21.
B.1.1.326	10.
B.1.1.329	9.
B.1.1.33	8.
B.1.1.332	14.
B.1.1.34	8.
B.1.1.348	8.
B.1.1.351	15.
B.1.1.354	10.
B.1.1.359	7.
B.1.1.360	7.
B.1.1.368	9.
B.1.1.369	9.
B.1.1.37	8.
B.1.1.370	6.
B.1.1.371	7.
B.1.1.372	8.
B.1.1.374	13.
B.1.1.375	21.
B.1.1.376	8.
B.1.1.378	8.
B.1.1.382	8.
B.1.1.39	10.
B.1.139	7.
B.1.1.391	8.
B.1.1.397	8.
B.1.1.398	7.
B.1.1.404	10.
B.1.1.406	14.
B.1.1.409	6.
B.1.1.411	6.
B.1.1.412	8.
B.1.1.413	13.
B.1.1.416	9.
B.1.1.417	18.
B.1.1.418	16.
B.1.1.419	6.
B.1.1.420	17.
B.1.143	4.
B.1.1.432	10.
B.1.1.433	19.
B.1.1.434	13.
B.1.1.44	7.
B.1.1.442	8.
B.1.1.448	8.
B.1.1.459	10.
B.1.1.46	11.
B.1.146	8.
B.1.1.462	6.
B.1.1.464	9.
B.1.1.47	9.
B.1.147	5.
B.1.1.485	7.
B.1.1.486	15.
B.1.1.487	7.
B.1.149	5.
B.1.1.50	10.
B.1.1.500	8.
B.1.1.507	10.
B.1.1.51	9.
B.1.1.519	17.
B.1.1.52	11.
B.1.1.521	11.
B.1.1.523	26.
B.1.1.525	16.
B.1.1.526	17.
B.1.1.528	19.
B.1.1.529	28.
B.1.1.53	8.
B.1.1.54	10.
B.1.1.56	10.
B.1.1.57	7.
B.1.160	18.
B.1.160.16	21.
B.1.1.61	7.
B.1.1.63	8.
B.1.1.67	7.
B.1.1.7	24.
B.1.1.70	10.
B.1.170	5.
B.1.177	9.
B.1.177.10	10.
B.1.177.12	15.
B.1.177.15	15.
B.1.177.16	10.
B.1.177.18	12.
B.1.177.21	12.
B.1.177.32	11.
B.1.177.35	14.
B.1.177.4	14.
B.1.177.44	13.
B.1.177.46	12.
B.1.177.5	13.
B.1.177.52	13.
B.1.177.53	12.
B.1.177.54	16.
B.1.177.56	13.
B.1.177.57	14.
B.1.177.60	13.
B.1.177.62	14.
B.1.177.7	12.
B.1.177.73	15.
B.1.177.75	11.
B.1.177.77	13.
B.1.177.8	12.
B.1.177.81	13.
B.1.177.82	12.
B.1.177.83	11.
B.1.177.86	14.
B.1.177.87	12.
B.1.179	4.
B.1.1.8	7.
B.1.1.83	7.
B.1.189	5.
B.1.192	5.
B.1.195	5.
B.1.1.99	8.
B.1.2	12.
B.1.206	6.
B.1.210	6.
B.1.212	5.
B.1.214	7.
B.1.214.1	12.
B.1.214.2	16.
B.1.214.3	19.
B.1.219	6.
B.1.22	6.
B.1.221	11.
B.1.222	3.
B.1.232	6.
B.1.234	9.
B.1.236	8.
B.1.237	5.
B.1.239	6.
B.1.240	7.
B.1.240.1	12.
B.1.241	6.
B.1.243	6.
B.1.247	3.
B.1.258	9.
B.1.258.11	17.
B.1.258.14	12.
B.1.258.17	22.
B.1.258.3	13.
B.1.260	4.
B.1.265	7.
B.1.279	11.
B.1.298	8.
B.1.3	7.
B.1.311	9.
B.1.319	6.
B.1.320	7.
B.1.324	6.
B.1.336	7.
B.1.340	7.
B.1.346	10.
B.1.349	7.
B.1.350	6.
B.1.351	13.
B.1.351.1	20.
B.1.351.2	17.
B.1.351.3	21.
B.1.351.5	24.
B.1.356	7.
B.1.36	8.
B.1.36.1	11.
B.1.361	13.
B.1.36.10	8.
B.1.36.16	10.
B.1.36.17	11.
B.1.36.18	14.
B.1.36.19	10.
B.1.362	11.
B.1.36.22	9.
B.1.36.24	9.
B.1.36.29	13.
B.1.36.31	18.
B.1.36.35	9.
B.1.36.36	15.
B.1.36.38	10.
B.1.36.39	16.
B.1.36.7	9.
B.1.367	25.
B.1.36.8	10.
B.1.36.9	16.
B.1.369	8.
B.1.371	6.
B.1.375	13.
B.1.377	6.
B.1.378	4.
B.1.379	4.
B.1.380	6.
B.1.381	6.
B.1.389	16.
B.1.391	5.
B.1.393	6.
B.1.395	4.
B.1.396	10.
B.1.397	6.
B.1.398	8.
B.1.399	6.
B.1.400	6.
B.1.402	7.
B.1.404	11.
B.1.409	15.
B.1.411	10.
B.1.415.1	23.
B.1.416	7.
B.1.416.1	7.
B.1.417	8.
B.1.420	5.
B.1.426	7.
B.1.427	14.
B.1.428	6.
B.1.429	17.
B.1.433	10.
B.1.436	7.
B.1.438	7.
B.1.438.1	12.
B.1.441	7.
B.1.453	6.
B.1.456	7.
B.1.459	7.
B.1.462	7.
B.1.465	7.
B.1.466	7.
B.1.466.1	15.
B.1.466.2	13.
B.1.468	7.
B.1.469	9.
B.1.470	7.
B.1.471	8.
B.1.474	18.
B.1.480	9.
B.1.497	10.
B.1.499	9.
B.1.503	9.
B.1.505	13.
B.1.509	10.
B.1.517	9.
B.1.523	7.
B.1.524	12.
B.1.525	19.
B.1.526	11.
B.1.527	5.
B.1.530	11.
B.1.533	7.
B.1.537	6.
B.1.538	6.
B.1.540	4.
B.1.544	5.
B.1.549	11.
B.1.551	6.
B.1.558	6.
B.1.560	4.
B.1.561	11.
B.1.564	7.
B.1.565	10.
B.1.566	6.
B.1.567	11.
B.1.568	16.
B.1.570	13.
B.1.575	17.
B.1.575.1	19.
B.1.576	5.
B.1.577	8.
B.1.580	7.
B.1.582	8.
B.1.587	15.
B.1.588	17.
B.1.595	8.
B.1.596	8.
B.1.596.1	9.
B.1.597	8.
B.1.600	9.
B.1.605	9.
B.1.606	9.
B.1.609	5.
B.1.612	8.
B.1.617	8.
B.1.617.1	15.
B.1.617.2	14.
B.1.617.3	17.
B.1.618	23.
B.1.619	26.
B.1.619.1	34.
B.1.620	16.
B.1.621	23.
B.1.621.1	32.
B.1.621.2	31.
B.1.623	16.
B.1.625	21.
B.1.626	23.
B.1.627	17.
B.1.629	23.
B.1.630	29.
B.1.631	22.
B.1.634	22.
B.1.636	15.
B.1.637	16.
B.1.639	8.
B.1.640.1	38.
B.1.78	4.
B.1.8	4.
B.1.9	8.
B.1.91	4.
B.1.9.5	7.
B.23	2.
B.3	2.
B.39	6.
B.4	4.
B.40	5.
B.55	1.
B.6	5.
B.6.6	7.
BA.1	29.
BA.1.1	29.
BA.1.10	31.
BA.1.1.1	31.
BA.1.1.10	32.
BA.1.1.11	31.
BA.1.1.12	32.
BA.1.1.13	32.
BA.1.1.14	31.
BA.1.1.15	32.
BA.1.1.16	33.
BA.1.1.17	32.
BA.1.1.18	31.
BA.1.1.2	31.
BA.1.12	31.
BA.1.1.3	32.
BA.1.13	30.
BA.1.13.1	32.
BA.1.1.4	33.
BA.1.14	31.
BA.1.14.1	32.
BA.1.14.2	32.
BA.1.1.5	33.
BA.1.15	33.
BA.1.15.1	34.
BA.1.15.2	33.
BA.1.15.3	36.
BA.1.1.6	33.
BA.1.16	31.
BA.1.16.1	34.
BA.1.16.2	34.
BA.1.1.7	31.
BA.1.17	31.
BA.1.17.1	33.
BA.1.17.2	32.
BA.1.1.8	31.
BA.1.18	30.
BA.1.1.9	31.
BA.1.19	31.
BA.1.2	31.
BA.1.20	31.
BA.1.21	30.
BA.1.21.1	31.
BA.1.22	32.
BA.1.23	30.
BA.1.24	30.
BA.1.3	32.
BA.1.4	30.
BA.1.5	32.
BA.1.6	31.
BA.1.7	31.
BA.1.8	33.
BA.1.9	32.
BA.2	37.
BA.2.1	39.
BA.2.10	39.
BA.2.10.1	41.
BA.2.10.2	40.
BA.2.10.3	39.
BA.2.10.4	44.
BA.2.11	40.
BA.2.12	41.
BA.2.12.1	41.
BA.2.12.2	43.
BA.2.13	40.
BA.2.13.1	43.
BA.2.14	39.
BA.2.15	40.
BA.2.16	38.
BA.2.17	41.
BA.2.18	39.
BA.2.19	39.
BA.2.2	42.
BA.2.20	40.
BA.2.2.1	47.
BA.2.21	42.
BA.2.22	41.
BA.2.23	39.
BA.2.23.1	41.
BA.2.24	38.
BA.2.25	40.
BA.2.25.1	42.
BA.2.26	40.
BA.2.27	40.
BA.2.28	41.
BA.2.29	39.
BA.2.3	40.
BA.2.30	40.
BA.2.3.1	40.
BA.2.31	39.
BA.2.3.10	41.
BA.2.3.11	41.
BA.2.31.1	40.
BA.2.3.12	43.
BA.2.3.13	42.
BA.2.3.14	42.
BA.2.3.15	42.
BA.2.3.16	41.
BA.2.3.17	42.
BA.2.3.18	43.
BA.2.3.19	44.
BA.2.3.2	41.
BA.2.32	40.
BA.2.3.20	53.5
BA.2.3.21	41.
BA.2.3.22	46.
BA.2.33	40.
BA.2.3.4	42.
BA.2.34	40.
BA.2.3.5	41.
BA.2.35	41.
BA.2.3.6	41.
BA.2.36	39.
BA.2.3.7	42.
BA.2.37	40.
BA.2.3.8	46.
BA.2.38	39.
BA.2.38.1	43.
BA.2.38.2	44.
BA.2.38.3	42.
BA.2.38.4	41.
BA.2.3.9	41.
BA.2.39	44.
BA.2.4	40.
BA.2.40	39.
BA.2.40.1	40.
BA.2.41	40.
BA.2.42	41.
BA.2.43	40.
BA.2.44	41.
BA.2.45	41.
BA.2.46	44.
BA.2.47	41.
BA.2.48	42.
BA.2.49	41.
BA.2.5	39.
BA.2.50	40.
BA.2.51	40.
BA.2.52	40.
BA.2.53	44.
BA.2.54	41.
BA.2.55	39.
BA.2.56	38.
BA.2.56.1	39.
BA.2.57	40.
BA.2.58	39.
BA.2.59	41.
BA.2.6	40.
BA.2.60	44.
BA.2.61	40.
BA.2.62	39.
BA.2.63	40.
BA.2.64	41.
BA.2.65	39.
BA.2.66	42.
BA.2.67	42.
BA.2.68	40.
BA.2.69	40.
BA.2.7	40.
BA.2.70	42.
BA.2.71	39.
BA.2.72	40.
BA.2.73	40.
BA.2.74	43.
BA.2.75	46.
BA.2.75.1	47.
BA.2.75.10	47.
BA.2.75.2	50.
BA.2.75.3	47.
BA.2.75.4	49.
BA.2.75.5	46.
BA.2.75.6	47.
BA.2.75.7	47.
BA.2.75.8	53.
BA.2.75.9	47.
BA.2.76	39.
BA.2.76.1	44.
BA.2.76.2	43.
BA.2.77	44.
BA.2.78	42.
BA.2.79	41.
BA.2.79.1	43.
BA.2.8	40.
BA.2.80	44.
BA.2.81	42.
BA.2.82	41.
BA.2.83	49.
BA.2.85	43.
BA.2.86	61.
BA.2.86.1	64.
BA.2.86.2	62.
BA.2.86.3	65.
BA.2.86.4	62.
BA.2.86.5	65.
BA.2.86.6	63.
BA.2.86.7	65.
BA.2.87	38.
BA.2.87.1	79.
BA.2.9	41.
BA.2.9.1	49.
BA.2.9.2	42.
BA.2.9.3	41.
BA.2.9.4	44.
BA.2.9.5	42.
BA.2.9.6	43.
BA.2.9.7	48.
BA.3	31.
BA.3.1	33.
BA.4	40.
BA.4.1	41.
BA.4.1.1	41.
BA.4.1.10	43.
BA.4.1.11	47.
BA.4.1.2	45.
BA.4.1.3	44.
BA.4.1.4	42.
BA.4.1.5	43.
BA.4.1.6	42.
BA.4.1.7	46.
BA.4.1.8	44.
BA.4.1.9	41.
BA.4.2	42.
BA.4.3	43.
BA.4.4	41.
BA.4.5	43.
BA.4.6	42.
BA.4.6.1	42.
BA.4.6.2	44.
BA.4.6.3	43.
BA.4.6.4	43.
BA.4.6.5	43.
BA.4.7	43.
BA.4.8	39.
BA.5	46.5
BA.5.1	50.
BA.5.10	51.
BA.5.10.1	54.
BA.5.1.1	51.
BA.5.11	50.
BA.5.1.10	51.
BA.5.1.11	54.
BA.5.1.12	49.
BA.5.1.14	50.
BA.5.1.15	50.
BA.5.1.16	51.
BA.5.1.17	50.
BA.5.1.18	56.
BA.5.1.19	51.
BA.5.1.2	50.
BA.5.1.20	51.
BA.5.1.21	53.
BA.5.1.22	50.
BA.5.1.23	50.
BA.5.1.24	50.
BA.5.1.25	51.
BA.5.1.26	51.
BA.5.1.27	51.
BA.5.1.28	50.
BA.5.1.29	51.
BA.5.1.3	49.
BA.5.1.30	51.
BA.5.1.31	57.
BA.5.1.32	58.
BA.5.1.33	53.
BA.5.1.34	53.
BA.5.1.35	50.
BA.5.1.36	54.
BA.5.1.37	51.
BA.5.1.38	58.
BA.5.1.4	53.
BA.5.1.5	51.
BA.5.1.6	51.
BA.5.1.7	53.
BA.5.1.8	52.
BA.5.1.9	53.
BA.5.2	53.
BA.5.2.1	52.
BA.5.2.10	53.
BA.5.2.11	56.
BA.5.2.12	54.
BA.5.2.13	55.
BA.5.2.14	56.
BA.5.2.16	55.
BA.5.2.18	53.
BA.5.2.19	54.
BA.5.2.2	53.
BA.5.2.20	54.
BA.5.2.21	54.
BA.5.2.22	54.
BA.5.2.23	52.
BA.5.2.24	53.
BA.5.2.25	56.
BA.5.2.26	52.
BA.5.2.27	54.
BA.5.2.28	54.
BA.5.2.29	55.
BA.5.2.3	55.
BA.5.2.30	54.
BA.5.2.31	53.
BA.5.2.32	55.
BA.5.2.33	54.
BA.5.2.34	55.
BA.5.2.35	56.
BA.5.2.36	53.
BA.5.2.37	54.
BA.5.2.38	53.
BA.5.2.39	60.
BA.5.2.4	50.
BA.5.2.40	55.
BA.5.2.41	54.
BA.5.2.42	60.
BA.5.2.43	55.
BA.5.2.44	54.
BA.5.2.45	57.
BA.5.2.46	56.
BA.5.2.47	55.
BA.5.2.48	57.
BA.5.2.49	57.
BA.5.2.5	56.
BA.5.2.50	55.
BA.5.2.51	55.
BA.5.2.52	54.
BA.5.2.53	54.
BA.5.2.54	54.
BA.5.2.55	54.
BA.5.2.56	54.
BA.5.2.57	53.
BA.5.2.58	56.
BA.5.2.59	55.
BA.5.2.6	53.
BA.5.2.60	55.
BA.5.2.61	55.
BA.5.2.62	53.
BA.5.2.63	59.
BA.5.2.7	55.
BA.5.2.8	55.
BA.5.2.9	52.
BA.5.3	47.
BA.5.3.1	48.
BA.5.3.2	49.
BA.5.3.3	49.
BA.5.3.4	49.
BA.5.3.5	49.
BA.5.5	46.
BA.5.5.1	48.
BA.5.5.2	49.
BA.5.5.3	50.
BA.5.6	50.
BA.5.6.1	52.
BA.5.6.2	51.
BA.5.6.3	52.
BA.5.6.4	53.
BA.5.7	53.
BA.5.8	51.
BA.5.9	51.
BB.2	36.
BC.1	32.
BC.2	34.
BD.1	34.
BE.1	49.
BE.10	55.
BE.1.1	51.
BE.11	51.
BE.1.1.1	52.
BE.1.1.2	53.
BE.1.2	51.
BE.12	53.
BE.1.2.1	53.
BE.1.3	52.
BE.13	56.
BE.1.4	51.
BE.1.4.1	54.
BE.1.4.2	56.
BE.1.4.3	56.
BE.1.4.4	51.
BE.2	51.
BE.3	51.
BE.4	51.
BE.4.1	53.
BE.4.1.1	53.
BE.4.2	53.
BE.5	48.
BE.6	50.
BE.7	50.
BE.8	53.
BE.9	49.
BF.1	54.
BF.10	53.
BF.10.1	55.
BF.1.1	60.
BF.11	53.
BF.11.1	54.
BF.11.2	59.
BF.11.3	55.
BF.11.4	54.
BF.11.5	57.
BF.12	50.
BF.13	56.
BF.14	51.
BF.15	53.
BF.16	53.
BF.17	52.
BF.18	51.
BF.19	53.
BF.2	52.
BF.20	54.
BF.21	56.
BF.22	56.
BF.23	54.
BF.24	54.
BF.25	53.
BF.26	54.
BF.27	54.
BF.28	52.
BF.29	54.
BF.3	52.
BF.30	56.
BF.3.1	53.
BF.31	51.
BF.31.1	55.
BF.32	55.
BF.33	53.
BF.34	54.
BF.35	59.
BF.36	54.
BF.37	55.
BF.38	53.
BF.38.1	56.
BF.38.2	54.
BF.38.3	59.
BF.39	51.
BF.39.1	55.
BF.4	50.
BF.40	54.
BF.41	51.
BF.41.1	54.
BF.42	62.
BF.5	55.
BF.5.1	57.
BF.5.2	63.
BF.5.3	78.
BF.5.4	59.
BF.5.5	56.
BF.6	51.
BF.7	54.
BF.7.1	54.
BF.7.10	57.
BF.7.11	57.
BF.7.12	55.
BF.7.13	56.
BF.7.13.1	57.
BF.7.13.2	59.
BF.7.14	59.
BF.7.14.1	61.
BF.7.14.2	60.
BF.7.14.3	61.
BF.7.14.4	62.
BF.7.14.5	61.
BF.7.14.6	62.
BF.7.14.7	62.
BF.7.15	55.
BF.7.16	56.
BF.7.16.1	59.
BF.7.17	58.
BF.7.18	55.
BF.7.19	55.
BF.7.19.1	60.
BF.7.2	56.
BF.7.20	55.
BF.7.21	56.
BF.7.22	57.
BF.7.23	55.
BF.7.24	55.
BF.7.26	55.
BF.7.27	57.
BF.7.3	57.
BF.7.4	56.
BF.7.4.1	60.
BF.7.4.2	61.
BF.7.4.3	61.
BF.7.5	57.
BF.7.5.1	60.
BF.7.6	57.
BF.7.7	57.
BF.7.8	55.
BF.7.9	56.
BF.8	51.
BF.9	57.
BG.1	46.
BG.2	51.
BG.3	45.
BG.4	48.
BG.5	45.
BG.6	46.
BG.7	50.
BH.1	44.
BJ.1	52.
BK.1	52.
BL.1	46.
BL.1.1	48.
BL.1.2	48.
BL.1.3	50.
BL.1.4	50.
BL.1.5	49.
BL.2	48.
BL.2.1	49.
BL.3	49.
BL.4	49.
BL.5	54.
BL.6	53.
BM.1	47.
BM.1.1	47.
BM.1.1.1	48.
BM.1.1.2	56.
BM.1.1.3	50.
BM.1.1.4	51.
BM.1.1.5	49.
BM.2	47.
BM.2.1	50.
BM.2.2	54.
BM.2.3	48.
BM.3	49.
BM.4	48.
BM.4.1	48.
BM.4.1.1	48.
BM.5	48.
BM.6	52.
BN.1	48.
BN.1.1	49.
BN.1.10	48.
BN.1.1.1	49.
BN.1.11	54.
BN.1.2	50.
BN.1.2.1	52.
BN.1.2.2	51.
BN.1.2.3	51.
BN.1.2.4	51.
BN.1.2.5	53.
BN.1.2.6	52.
BN.1.2.7	53.
BN.1.2.8	53.
BN.1.3	50.5
BN.1.3.1	53.
BN.1.3.10	53.
BN.1.3.11	57.
BN.1.3.12	53.
BN.1.3.13	54.
BN.1.3.2	52.
BN.1.3.3	52.
BN.1.3.4	52.
BN.1.3.5	53.
BN.1.3.6	53.
BN.1.3.7	53.
BN.1.3.8	52.
BN.1.3.9	51.
BN.1.4	49.
BN.1.4.1	59.
BN.1.4.2	55.
BN.1.4.3	53.
BN.1.4.4	52.
BN.1.4.5	56.
BN.1.5	50.
BN.1.5.1	53.
BN.1.5.2	52.
BN.1.6	50.
BN.1.7	48.
BN.1.8	51.
BN.1.9	50.
BN.2	49.
BN.2.1	49.
BN.3	50.
BN.3.1	52.
BN.4	47.
BN.5	47.
BN.6	48.
BP.1	49.
BQ.1	54.
BQ.1.1	55.
BQ.1.10	54.
BQ.1.10.1	56.
BQ.1.10.2	57.
BQ.1.10.3	58.
BQ.1.1.1	56.
BQ.1.11	54.
BQ.1.1.10	55.
BQ.1.1.11	54.
BQ.1.11.1	59.
BQ.1.1.12	55.
BQ.1.1.13	55.
BQ.1.1.14	55.
BQ.1.1.15	55.
BQ.1.1.16	54.
BQ.1.1.17	55.
BQ.1.1.18	55.
BQ.1.1.19	55.
BQ.1.1.2	55.
BQ.1.12	54.
BQ.1.1.20	56.
BQ.1.1.21	56.
BQ.1.1.22	55.
BQ.1.1.23	57.
BQ.1.1.24	55.
BQ.1.1.25	54.
BQ.1.1.26	56.
BQ.1.1.27	56.
BQ.1.1.28	56.
BQ.1.1.29	56.
BQ.1.1.3	55.
BQ.1.13	55.
BQ.1.1.30	55.
BQ.1.1.31	54.
BQ.1.13.1	58.
BQ.1.1.32	54.
BQ.1.1.34	55.
BQ.1.1.35	57.
BQ.1.1.36	55.
BQ.1.1.37	55.
BQ.1.1.38	56.
BQ.1.1.39	58.
BQ.1.1.4	55.
BQ.1.14	54.
BQ.1.1.40	55.
BQ.1.1.41	57.
BQ.1.1.42	56.
BQ.1.1.43	58.
BQ.1.1.44	54.
BQ.1.1.45	54.
BQ.1.1.46	55.
BQ.1.1.47	55.
BQ.1.1.48	55.
BQ.1.1.49	57.
BQ.1.1.5	57.
BQ.1.15	54.
BQ.1.1.50	57.
BQ.1.1.51	56.
BQ.1.15.1	57.
BQ.1.1.52	55.
BQ.1.15.2	56.
BQ.1.1.53	54.
BQ.1.1.54	58.
BQ.1.1.55	56.
BQ.1.1.56	55.
BQ.1.1.57	55.
BQ.1.1.58	55.
BQ.1.1.59	57.
BQ.1.1.6	55.
BQ.1.16	56.
BQ.1.1.60	56.
BQ.1.1.61	56.
BQ.1.1.62	56.
BQ.1.1.63	56.
BQ.1.1.64	56.
BQ.1.1.65	55.
BQ.1.1.66	55.
BQ.1.1.67	56.
BQ.1.1.68	56.
BQ.1.1.69	55.
BQ.1.1.7	55.
BQ.1.17	54.
BQ.1.1.70	56.
BQ.1.1.71	59.
BQ.1.1.72	55.
BQ.1.1.73	56.
BQ.1.1.74	54.
BQ.1.1.75	59.
BQ.1.1.76	55.
BQ.1.1.77	56.
BQ.1.1.78	60.
BQ.1.1.79	58.
BQ.1.1.8	56.
BQ.1.18	55.
BQ.1.1.9	54.
BQ.1.19	53.
BQ.1.2	53.
BQ.1.20	53.
BQ.1.2.1	59.
BQ.1.21	56.
BQ.1.2.2	56.
BQ.1.22	56.
BQ.1.2.3	54.
BQ.1.23	55.
BQ.1.24	54.
BQ.1.25	57.
BQ.1.25.1	59.
BQ.1.26	55.
BQ.1.26.1	59.
BQ.1.26.2	56.
BQ.1.27	55.
BQ.1.28	60.
BQ.1.29	58.
BQ.1.3	54.
BQ.1.30	60.
BQ.1.3.1	56.
BQ.1.31	53.
BQ.1.3.2	55.
BQ.1.32	57.
BQ.1.33	54.
BQ.1.4	59.
BQ.1.5	54.
BQ.1.6	56.
BQ.1.7	53.
BQ.1.8	57.
BQ.1.8.1	59.
BQ.1.8.2	59.
BQ.1.9	55.
BQ.2	53.
BR.1	50.
BR.1.1	53.
BR.1.2	52.
BR.2	51.
BR.2.1	52.
BR.3	51.
BR.4	51.
BR.5	52.
BR.5.1	56.
BS.1	59.
BS.1.1	60.
BS.1.2	61.
BT.1	54.
BT.2	54.
BU.1	55.
BU.2	56.
BU.3	58.
BV.1	56.
BV.2	54.
BW.1	53.
BW.1.1	54.
BW.1.1.1	56.
BW.1.1.2	55.
BW.1.2	54.
BY.1	47.
BY.1.1	47.
BY.1.1.1	50.
BY.1.2	48.
BY.1.2.1	51.
BZ.1	58.
BZ.2	57.
C.1	13.
C.11	16.
C.1.2	21.
C.13	12.
C.14	12.
C.16	14.
C.2	13.
C.2.1	20.
C.23	12.
C.26	14.
C.29	12.
C.32	12.
C.33	12.
C.35	14.
C.36	12.
C.36.3	27.
C.36.3.1	34.
C.37	23.
C.37.1	27.
C.38	29.
C.39	27.
C.4	13.
C.40	19.
CA.1	53.
CA.2	51.
CA.3	51.
CA.3.1	53.
CA.4	54.
CA.5	52.
CA.6	51.
CA.7	53.
CB.1	47.
CC.1	55.
CD.1	55.
CD.2	55.
CE.1	54.
CF.1	54.
CG.1	55.
CH.1	49.
CH.1.1	49.
CH.1.1.1	52.
CH.1.1.10	52.
CH.1.1.11	51.
CH.1.1.12	54.
CH.1.1.13	54.
CH.1.1.14	53.
CH.1.1.15	51.
CH.1.1.16	53.
CH.1.1.17	52.
CH.1.1.18	56.
CH.1.1.19	52.
CH.1.1.2	54.
CH.1.1.20	56.
CH.1.1.21	52.
CH.1.1.22	56.
CH.1.1.23	52.
CH.1.1.24	52.
CH.1.1.25	52.
CH.1.1.26	55.
CH.1.1.27	50.
CH.1.1.28	53.
CH.1.1.29	51.
CH.1.1.3	49.
CH.1.1.30	53.
CH.1.1.31	57.
CH.1.1.32	55.
CH.1.1.4	51.
CH.1.1.5	54.
CH.1.1.6	54.
CH.1.1.7	50.
CH.1.1.8	53.
CH.1.1.9	54.
CH.2	48.
CH.3	51.
CH.3.1	51.
CJ.1	49.
CJ.1.1	50.
CJ.1.2	51.
CJ.1.3	52.
CJ.1.3.1	58.
CJ.1.3.2	54.
CK.1	53.
CK.1.1	54.
CK.1.1.1	57.
CK.1.1.2	58.
CK.1.2	55.
CK.1.3	53.
CK.1.4	58.
CK.1.5	57.
CK.2	54.
CK.2.1	54.
CK.2.1.1	58.
CK.3	54.
CL.1	53.
CL.1.1	56.
CL.1.2	56.
CL.1.3	55.
CM.1	54.
CM.10	53.
CM.11	56.
CM.12	59.
CM.2	55.
CM.2.1	57.
CM.3	55.
CM.4	55.
CM.4.1	56.
CM.5	55.
CM.5.1	55.
CM.5.2	55.
CM.6	54.
CM.6.1	60.
CM.7	56.
CM.7.1	55.
CM.7.1.1	59.
CM.8	54.
CM.8.1	55.
CM.8.1.1	59.
CM.8.1.2	57.
CM.8.1.3	59.
CM.8.1.4	57.
CM.8.1.5	58.
CM.9	54.
CN.1	55.
CN.2	56.
CP.1	54.
CP.1.1	57.
CP.1.2	57.
CP.1.3	56.
CP.2	55.
CP.3	54.
CP.4	56.
CP.5	54.
CP.6	55.
CP.7	62.
CP.8	57.
CP.8.1	63.
CQ.1	54.
CQ.1.1	56.
CQ.2	54.
CR.1	53.
CR.1.1	56.
CR.1.2	57.
CR.1.3	56.
CR.2	53.
CS.1	48.
CT.1	54.
CU.1	51.
CV.1	54.
CV.2	52.
CW.1	55.
CY.1	57.
CY.2	63.
CZ.1	59.
CZ.2	58.
D.2	12.
DA.1	54.
DB.1	58.
DB.2	56.
DB.3	66.
DC.1	43.
DD.1	46.
DE.1	52.
DE.2	58.
DF.1	56.
DF.1.1	58.
DG.1	58.
DH.1	53.
DJ.1	52.
DJ.1.1	54.
DJ.1.1.1	60.
DJ.1.2	57.
DJ.1.3	56.
DK.1	56.
DL.1	52.
DM.1	55.
DN.1	58.
DN.1.1	59.
DN.1.1.1	63.
DN.1.1.2	60.
DN.1.1.3	61.
DN.1.1.4	60.
DN.2	59.
DN.3	58.
DN.3.1	58.
DP.1	57.
DQ.1	58.
DR.1	56.
DR.2	57.
DS.1	54.
DS.2	56.
DS.3	55.
DT.1	56.
DT.2	54.
DT.3	54.
DU.1	57.
DV.1	54.
DV.1.1	55.
DV.2	54.
DV.3	56.
DV.3.1	57.
DV.4	54.
DV.5	55.
DV.6	55.
DV.6.1	56.
DV.6.2	57.
DV.7	57.
DV.7.1	61.
DV.7.1.1	62.
DV.7.1.2	64.
DV.7.1.3	63.
DV.7.1.4	63.
DV.7.1.5	62.
DV.7.1.6	66.
DV.7.1.7	67.
DV.7.1.8	64.
DV.7.1.9	64.
DV.7.2	62.
DV.8	56.
DW.1	56.
DY.1	58.
DY.1.1	60.
DY.2	60.
DY.3	60.
DY.4	59.
DZ.1	61.
DZ.2	59.
EA.1	56.
EA.2	55.
EB.1	53.
EC.1	57.
EC.1.1	57.
ED.1	58.
ED.2	56.
ED.3	56.
EE.1	56.
EE.2	56.
EE.3	56.
EE.4	55.
EE.5	55.
EF.1	57.
EF.1.1	59.
EF.1.1.1	59.
EF.1.2	59.
EF.1.3	59.
EF.2	56.
EF.3	56.
EG.1	63.
EG.10	62.
EG.10.1	69.
EG.10.1.1	69.
EG.1.1	64.
EG.11	65.
EG.1.2	64.
EG.12	65.
EG.1.3	65.
EG.13	65.
EG.1.4	64.
EG.14	65.
EG.1.4.1	71.
EG.1.5	63.
EG.1.6	64.
EG.1.7	63.
EG.1.8	68.
EG.2	64.
EG.2.1	72.
EG.2.2	68.
EG.2.3	67.
EG.2.4	69.
EG.2.5	65.
EG.3	64.
EG.4	64.
EG.4.1	66.
EG.4.2	67.
EG.4.3	65.
EG.4.4	67.
EG.4.5	64.
EG.5	66.
EG.5.1	67.
EG.5.1.1	71.
EG.5.1.10	69.
EG.5.1.11	67.
EG.5.1.12	69.
EG.5.1.13	68.
EG.5.1.14	69.
EG.5.1.15	68.
EG.5.1.16	68.
EG.5.1.17	68.
EG.5.1.18	69.
EG.5.1.19	68.
EG.5.1.2	69.
EG.5.1.3	69.
EG.5.1.4	68.
EG.5.1.5	73.
EG.5.1.6	69.
EG.5.1.7	67.
EG.5.1.8	68.
EG.5.1.9	70.
EG.5.2	68.
EG.5.2.1	74.
EG.5.2.2	71.
EG.5.2.3	70.
EG.5.2.4	72.
EG.6	63.
EG.6.1	65.
EG.6.1.1	69.
EG.6.1.2	67.
EG.7	66.
EG.8	64.
EG.9	66.
EG.9.1	67.
EH.1	58.
EJ.1	53.
EJ.2	53.
EJ.3	55.
EK.1	62.
EK.2	63.
EK.2.1	64.
EK.3	62.
EK.4	60.
EL.1	60.
EM.1	60.
EN.1	56.
EN.1.1	57.
EP.1	58.
EP.1.1	62.
EP.1.1.1	69.
EP.2	58.
EQ.1	53.
ER.1	55.
ER.1.1	58.
ES.1	56.
ET.1	58.
EU.1	60.
EU.1.1	61.
EU.1.1.1	62.
EU.1.1.2	62.
EU.1.1.3	62.
EV.1	60.
EW.1	57.
EW.2	59.
EW.3	57.
EY.1	59.
EZ.1	58.
FA.1	55.
FA.2	57.
FB.1	59.
FB.2	61.
FC.1	55.
FD.1	65.
FD.1.1	66.
FD.2	61.
FD.2.1	64.
FD.3	61.
FD.4	61.
FD.4.1	63.
FD.5	61.
FD.5.1	63.
FE.1	60.
FE.1.1	62.
FE.1.1.1	65.5
FE.1.1.2	65.
FE.1.1.3	64.
FE.1.1.4	64.
FE.1.1.5	63.
FE.1.2	61.
FF.1	62.
FG.1	63.
FG.2	59.
FG.3	61.
FH.1	62.
FJ.1	54.
FK.1	54.5
FK.1.1	60.
FK.1.1.1	63.
FK.1.1.2	62.
FK.1.2	57.
FK.1.2.1	58.
FK.1.2.2	62.
FK.1.3	62.
FK.1.3.1	62.
FK.1.3.2	65.
FK.1.4	58.
FK.1.4.1	59.
FK.1.5	61.
FL.1	64.5
FL.10	62.
FL.10.1	64.
FL.10.2	72.
FL.10.3	63.
FL.1.1	65.
FL.11	65.
FL.1.1.1	68.
FL.1.2	65.
FL.12	62.
FL.1.3	67.
FL.13	62.
FL.13.1	65.
FL.13.2	64.
FL.13.2.1	67.
FL.13.3	63.
FL.13.3.1	64.
FL.13.4	65.
FL.13.4.1	73.
FL.13.5	69.
FL.1.4	65.
FL.14	65.
FL.1.5	66.
FL.15	64.5
FL.1.5.1	67.
FL.15.1	68.
FL.15.1.1	72.
FL.1.5.2	68.
FL.15.2	70.
FL.15.3	65.
FL.15.4	66.
FL.1.6	66.
FL.16	62.
FL.1.7	70.
FL.17	63.
FL.17.1	67.
FL.17.2	65.
FL.1.8	70.
FL.18	62.
FL.18.1	65.
FL.18.1.1	68.
FL.19	65.
FL.19.1	70.
FL.2	62.
FL.20	67.
FL.20.1	67.
FL.20.2	69.
FL.2.1	63.
FL.21	62.
FL.21.1	64.
FL.21.2	65.
FL.2.2	64.
FL.22	63.
FL.2.2.1	64.
FL.2.3	63.
FL.23	62.
FL.2.3.1	66.
FL.23.1	65.
FL.23.2	63.
FL.23.2.1	64.
FL.2.4	64.
FL.24	65.
FL.24.1	67.
FL.2.5	62.
FL.25	61.
FL.2.6	64.
FL.26	62.
FL.26.1	65.
FL.2.7	63.
FL.27	62.
FL.2.7.1	64.
FL.28	68.
FL.29	62.
FL.3	62.
FL.30	68.
FL.30.1	66.
FL.3.1	63.
FL.31	63.
FL.31.1	69.
FL.3.2	63.
FL.32	65.
FL.32.1	68.
FL.3.3	65.
FL.33	62.
FL.33.1	62.
FL.3.4	64.
FL.34	64.
FL.35	62.
FL.35.1	63.
FL.36	64.
FL.37	63.
FL.38	67.
FL.39	62.
FL.39.1	70.
FL.4	63.
FL.40	63.
FL.4.1	63.
FL.4.10	64.
FL.4.1.1	64.
FL.4.11	66.
FL.4.2	68.
FL.4.3	65.
FL.4.4	65.
FL.4.5	66.
FL.4.6	66.
FL.4.7	67.
FL.4.8	62.
FL.4.9	66.
FL.5	62.
FL.5.1	65.
FL.6	62.
FL.7	62.
FL.8	62.
FL.9	63.
FM.1	55.
FM.2	55.
FN.1	56.
FP.1	60.
FP.2	59.
FP.2.1	64.
FP.2.1.1	64.
FP.2.1.2	65.
FP.3	58.
FP.4	60.
FQ.1	59.
FR.1	55.
FR.1.1	60.
FR.1.2	60.
FR.1.3	63.
FR.1.4	61.
FR.1.5	61.
FR.2	55.
FS.1	55.
FT.1	61.
FT.2	63.
FT.3	60.
FT.3.1	63.
FT.3.1.1	63.
FT.4	61.
FU.1	65.
FU.1.1	68.
FU.1.1.1	69.
FU.2	66.
FU.2.1	69.
FU.3	65.
FU.3.1	65.
FU.4	65.
FU.5	67.
FV.1	60.
FW.1	57.
FW.1.1	62.
FW.1.1.1	68.
FW.2	57.
FW.3	60.
FY.1	59.
FY.1.1	59.
FY.1.2	61.5
FY.1.2.1	65.
FY.1.2.2	64.
FY.1.2.3	66.
FY.1.3	60.
FY.1.4	64.
FY.1.4.1	68.
FY.2	59.
FY.2.1	61.
FY.3	60.
FY.3.1	62.
FY.3.2	61.
FY.3.3	62.
FY.4	60.
FY.4.1	60.
FY.4.1.1	61.
FY.4.1.2	61.
FY.4.2	63.
FY.5	58.
FY.5.1	60.
FY.5.1.1	63.
FY.5.2	61.
FY.5.3	62.
FY.5.4	63.
FY.5.5	62.
FY.5.5.1	62.
FY.6	59.
FY.6.1	66.
FY.6.2	64.
FY.7	67.
FY.8	58.
FY.8.1	60.
FY.8.1.1	64.
FY.9	60.
FZ.1	60.
FZ.1.1	65.
FZ.2	62.
GA.1	59.
GA.10	60.
GA.10.1	72.
GA.2	61.
GA.2.1	61.
GA.2.1.1	65.
GA.3	60.
GA.4	61.
GA.4.1	68.
GA.4.1.1	68.
GA.4.1.2	72.
GA.4.1.3	72.
GA.4.2	67.
GA.4.3	70.
GA.5	60.
GA.6	61.
GA.6.1	64.
GA.7	61.
GA.7.1	64.
GA.7.2	61.
GA.8	62.
GA.8.1	66.
GA.9	62.
GB.1	64.
GB.2	64.
GC.1	64.
GC.2	60.
GD.1	63.
GD.2	62.
GD.3	63.
GE.1	60.
GE.1.1	63.
GE.1.2	65.
GE.1.2.1	66.
GE.1.2.2	70.
GE.1.3	63.
GE.1.4	63.
GE.1.5	64.
GE.1.6	65.
GF.1	60.
GG.1	60.
GH.1	62.
GJ.1	63.
GJ.1.1	70.
GJ.1.2	66.
GJ.1.2.1	66.
GJ.1.2.2	69.
GJ.1.2.3	68.
GJ.1.2.4	71.
GJ.1.2.5	69.
GJ.1.2.6	67.
GJ.1.2.7	68.
GJ.1.2.8	69.
GJ.2	65.
GJ.3	64.
GJ.4	62.
GJ.5	63.
GJ.5.1	65.
GJ.6	64.
GJ.7	62.
GK.1	69.
GK.10	68.
GK.1.1	70.
GK.11	67.
GK.1.10	74.
GK.1.10.1	75.
GK.1.1.1	71.
GK.1.11	72.
GK.1.11.1	74.
GK.1.2	69.
GK.12	70.
GK.1.2.1	79.
GK.1.3	72.
GK.1.4	70.
GK.1.5	70.
GK.1.6	71.
GK.1.6.1	73.
GK.1.7	71.
GK.1.8	75.
GK.1.8.1	78.
GK.1.9	70.
GK.2	68.
GK.2.1	71.
GK.2.1.1	73.
GK.2.2	68.
GK.2.3	70.
GK.2.4	71.
GK.3	68.
GK.3.1	68.
GK.3.2	71.
GK.4	70.
GK.5	67.
GK.5.1	68.
GK.6	68.
GK.7	67.
GK.8	67.
GK.8.1	70.
GK.9	66.
GL.1	55.
GL.2	60.
GL.3	55.
GM.1	65.
GM.2	64.
GM.3	65.
GM.3.1	67.
GN.1	63.
GN.1.1	65.
GN.1.2	65.
GN.1.3	68.
GN.1.4	67.
GN.2	64.
GN.3	61.
GN.4	61.
GN.5	62.
GP.1	52.
GP.2	53.
GP.3	55.
GQ.1	53.
GQ.1.1	58.
GR.1	61.
GS.1	63.
GS.2	61.
GS.3	63.
GS.4	65.
GS.4.1	66.
GS.4.1.1	68.
GS.5	64.
GS.6	73.
GS.7	63.
GS.7.1	72.
GS.8	68.
GT.1	54.
GU.1	64.
GV.1	61.
GW.1	67.
GW.1.1	68.
GW.2	66.
GW.3	62.
GW.4	61.
GW.5	69.
GW.5.1	71.
GW.5.1.1	75.
GW.5.2	71.
GW.5.3	71.
GW.5.3.1	73.
GY.1	67.
GY.1.1	68.
GY.1.1.1	74.
GY.2	67.
GY.2.1	67.
GY.3	67.
GY.4	68.
GY.5	67.
GY.6	67.
GY.7	70.
GY.8	67.
GY.9	67.
GZ.1	61.
HA.1	60.
HA.2	60.
HB.1	64.
HC.1	65.
HC.2	69.
HC.3	68.
HC.4	70.
HD.1	67.
HD.1.1	67.
HE.1	68.
HE.2	69.
HF.1	68.
HF.1.1	74.
HF.1.2	70.
HG.1	64.
HG.1.1	66.
HG.2	66.
HG.3	65.
HH.1	66.
HH.1.1	67.
HH.2	65.
HH.2.1	69.
HH.3	66.
HH.4	65.
HH.5	67.
HH.6	68.
HH.7	63.
HH.8	64.
HH.8.1	65.
HJ.1	59.
HK.1	70.
HK.11	71.
HK.11.1	73.
HK.1.2	73.
HK.12	71.
HK.13	70.
HK.13.1	73.
HK.13.2	74.
HK.13.2.1	77.
HK.14	74.
HK.15	72.
HK.16	74.
HK.17	70.
HK.18	71.
HK.19	70.
HK.2	71.
HK.20	74.
HK.20.1	74.
HK.2.1	71.
HK.21	72.
HK.22	78.
HK.23	71.
HK.23.1	76.
HK.23.1.1	81.
HK.24	71.
HK.24.1	71.
HK.25	86.
HK.26	72.
HK.26.1	72.
HK.27	72.
HK.27.1	72.
HK.27.1.1	72.
HK.28	71.
HK.29	71.
HK.3	70.
HK.30	71.
HK.3.1	70.
HK.31	71.
HK.3.10	72.
HK.3.11	73.
HK.3.12	73.
HK.3.13	72.
HK.3.14	73.
HK.3.2	72.
HK.32	70.
HK.3.2.1	77.
HK.3.2.2	78.
HK.3.3	72.
HK.33	71.
HK.3.4	75.
HK.34	76.
HK.34.1	78.
HK.3.5	75.
HK.3.6	72.
HK.3.7	71.
HK.3.8	71.
HK.3.9	75.
HK.4	71.
HK.5	70.
HK.6	73.
HK.7	70.
HK.8	71.
HK.8.1	73.
HK.9	72.
HL.1	62.
HL.2	63.
HM.1	63.
HN.1	68.
HN.2	70.
HN.2.1	72.
HN.3	68.
HN.3.1	69.
HN.4	71.
HN.4.1	72.
HN.4.1.1	75.
HN.4.2	74.
HN.5	67.
HN.6	70.
HN.7	70.
HN.8	70.
HP.1	61.
HP.1.1	61.
HQ.1	62.
HR.1	69.
HR.1.1	73.
HS.1	59.
HS.1.1	63.
HT.1	61.
HT.2	60.
HU.1	62.
HU.1.1	65.
HU.2	66.
HV.1	70.5
HV.1.1	71.
HV.1.10	71.
HV.1.11	71.
HV.1.2	71.
HV.1.3	70.
HV.1.4	72.
HV.1.5	72.
HV.1.6	73.
HV.1.6.1	75.
HV.1.7	72.
HV.1.8	72.
HV.1.9	73.
HV.2	74.
HW.1	57.
HW.1.1	58.
HW.1.2	57.
HW.1.3	57.
HY.1	59.
HZ.1	63.
HZ.2	62.
HZ.3	61.
JA.1	62.
JB.1	61.
JB.1.1	70.
JB.2	61.
JB.2.1	62.
JC.1	59.
JC.2	62.
JC.3	62.
JC.4	59.
JC.5	64.
JC.5.1	66.
JC.6	60.
JD.1	64.
JD.1.1	65.
JD.1.1.1	68.
JD.1.1.2	68.
JD.1.1.3	69.
JD.1.1.4	71.
JD.1.1.5	71.
JD.1.1.6	68.
JD.1.1.7	68.
JD.1.1.8	68.
JD.1.2	67.
JD.1.2.1	76.
JD.1.2.2	70.
JD.2	64.
JD.2.1	68.
JE.1	69.
JE.1.1	69.
JE.1.1.1	70.
JF.1	68.
JF.1.1	70.
JF.1.1.1	72.
JF.1.1.2	71.
JF.2	70.
JF.3	72.
JF.4	70.
JG.1	70.
JG.2	69.
JG.3	71.
JG.3.1	73.
JG.3.2	72.
JG.3.3	72.
JG.3.4	73.
JG.4	70.
JH.1	58.
JH.2	64.
JJ.1	71.
JK.1	59.
JL.1	68.
JM.1	70.
JM.2	69.
JN.1	69.
JN.10	65.
JN.1.1	70.
JN.11	65.
JN.1.10	68.
JN.1.1.1	71.
JN.1.11	70.
JN.11.1	67.
JN.1.1.10	72.
JN.1.11.1	71.
JN.1.1.2	71.
JN.1.12	70.
JN.1.1.3	70.
JN.1.13	71.
JN.1.13.1	71.
JN.1.1.4	72.
JN.1.14	70.
JN.1.1.5	71.
JN.1.15	69.
JN.1.15.1	73.
JN.1.1.6	70.
JN.1.16	68.
JN.1.16.1	68.
JN.1.16.2	69.
JN.1.16.3	68.
JN.1.16.4	73.
JN.1.16.5	69.
JN.1.1.7	70.
JN.1.17	70.
JN.1.1.8	72.
JN.1.18	68.
JN.1.18.1	68.
JN.1.18.2	70.
JN.1.18.3	68.
JN.1.18.4	70.
JN.1.18.5	68.
JN.1.18.6	68.
JN.1.18.7	70.
JN.1.18.8	74.
JN.1.1.9	72.
JN.1.19	70.
JN.1.2	70.
JN.12	65.
JN.1.20	68.
JN.1.2.1	72.
JN.1.21	69.
JN.1.22	71.
JN.1.23	71.
JN.1.23.1	75.
JN.1.24	69.
JN.1.24.1	69.
JN.1.25	70.
JN.1.25.1	70.
JN.1.26	69.
JN.1.27	72.
JN.1.28	70.
JN.1.28.1	73.
JN.1.29	70.
JN.1.29.1	70.5
JN.1.3	69.
JN.13	65.
JN.1.30	69.
JN.1.30.1	71.
JN.1.31	71.
JN.13.1	65.
JN.1.32	68.
JN.1.32.1	68.
JN.1.34	69.
JN.1.35	69.
JN.1.36	69.
JN.1.36.1	69.
JN.1.37	68.
JN.1.38	69.
JN.1.38.1	71.
JN.1.39	69.
JN.1.39.1	72.
JN.1.39.2	70.
JN.1.39.3	71.
JN.1.4	69.
JN.14	66.
JN.1.40	68.
JN.1.4.1	69.
JN.1.41	72.
JN.1.4.2	70.
JN.1.42	70.
JN.1.42.1	70.
JN.1.42.2	70.
JN.1.4.3	69.
JN.1.43	70.
JN.1.43.1	72.
JN.1.4.4	70.
JN.1.44	69.
JN.1.44.1	69.
JN.1.4.5	71.
JN.1.45	69.
JN.1.4.6	70.
JN.1.46	70.
JN.1.4.7	70.
JN.1.47	70.
JN.1.47.1	70.
JN.1.47.2	71.
JN.1.4.8	70.
JN.1.48	70.
JN.1.48.1	74.
JN.1.48.2	73.
JN.1.48.3	74.
JN.1.4.9	70.
JN.1.49	69.
JN.1.49.1	70.
JN.1.49.2	69.
JN.1.5	71.
JN.15	66.
JN.1.50	70.
JN.1.50.1	72.
JN.1.50.2	72.
JN.1.51	69.
JN.1.51.1	69.
JN.1.52	69.
JN.1.53	69.
JN.1.53.1	70.
JN.1.54	70.
JN.1.54.1	76.
JN.1.55	69.
JN.1.55.1	71.
JN.1.55.2	70.
JN.1.56	69.
JN.1.56.1	72.
JN.1.57	71.
JN.1.57.1	72.
JN.1.58	69.
JN.1.58.1	70.
JN.1.58.2	69.
JN.1.58.3	69.
JN.1.59	69.
JN.1.59.1	75.
JN.1.6	69.
JN.16	65.
JN.1.60	69.
JN.1.6.1	70.
JN.1.61	68.
JN.1.62	70.
JN.1.63	69.
JN.1.63.1	71.
JN.1.64	69.
JN.1.64.1	69.
JN.1.65	72.
JN.1.65.1	75.
JN.1.66	76.
JN.1.67	69.
JN.1.67.1	70.
JN.1.7	70.
JN.17	66.
JN.1.7.1	70.
JN.1.7.2	71.
JN.1.7.3	72.
JN.1.7.4	70.
JN.1.7.5	71.
JN.1.7.6	74.
JN.1.7.7	71.
JN.1.7.8	72.
JN.1.7.9	73.
JN.1.8	69.5
JN.18	65.
JN.1.8.1	70.
JN.1.8.2	70.
JN.1.8.3	72.
JN.1.8.4	71.
JN.1.9	68.
JN.19	65.
JN.1.9.1	69.
JN.1.9.2	68.
JN.2	65.
JN.2.1	65.
JN.2.2	68.
JN.2.2.1	69.
JN.2.3	65.
JN.2.4	67.
JN.2.5	66.
JN.3	66.
JN.3.1	68.
JN.3.2	69.
JN.3.2.1	72.
JN.3.3	69.
JN.4	63.
JN.5	65.
JN.5.1	72.
JN.6	64.
JN.7	66.
JN.8	65.
JN.9	65.
JP.1	59.
JP.1.1	66.
JQ.1	65.
JQ.2	66.
JQ.2.1	69.
JQ.2.1.1	72.
JQ.2.1.2	75.
JR.1	68.
JR.1.1	71.
JR.1.1.1	72.
JS.1	61.
JS.2	62.
JT.1	55.
JU.1	62.
JV.1	66.
JV.2	69.
JW.1	63.
JW.1.1	64.
JY.1	66.
JY.1.1	68.
JZ.1	60.
KA.1	63.
KB.1	69.
KB.2	70.
KB.3	70.
KB.4	70.
KC.1	70.
KC.1.1	73.
KD.1	48.
KD.2	54.
KD.3	50.
KD.4	52.
KE.1	79.
KE.2	80.
KE.3	77.
KF.1	75.
KF.2	74.
KG.1	63.
KG.2	67.
KH.1	74.
KJ.1	75.
KK.1	70.
KK.2	68.
KL.1	75.
KL.1.1	78.
KM.1	64.
KN.1	75.
KN.1.1	78.
KP.1	72.
KP.1.1	72.
KP.1.1.1	73.
KP.1.1.2	74.
KP.1.1.3	73.
KP.1.1.4	74.
KP.1.1.5	72.
KP.1.2	73.
KP.2	71.
KP.2.1	73.
KP.2.10	71.
KP.2.11	73.
KP.2.12	77.
KP.2.13	76.
KP.2.14	71.
KP.2.15	72.
KP.2.15.1	75.
KP.2.16	73.
KP.2.17	75.
KP.2.18	72.
KP.2.19	78.
KP.2.2	73.
KP.2.20	73.
KP.2.20.1	74.
KP.2.22	74.
KP.2.23	77.
KP.2.24	73.
KP.2.3	72.
KP.2.3.1	73.
KP.2.3.2	73.
KP.2.3.3	75.
KP.2.3.4	75.
KP.2.3.5	74.
KP.2.3.6	73.
KP.2.3.7	74.
KP.2.4	72.
KP.2.5	72.
KP.2.6	72.
KP.2.7	72.
KP.2.8	73.
KP.2.9	73.
KP.3	71.
KP.3.1	73.5
KP.3.1.1	75.
KP.3.1.2	76.
KP.3.1.3	73.
KP.3.1.4	74.
KP.3.1.5	75.
KP.3.1.6	74.
KP.3.1.7	75.
KP.3.1.8	75.
KP.3.2	73.
KP.3.2.1	73.
KP.3.2.2	74.
KP.3.2.3	77.
KP.3.2.4	74.
KP.3.2.5	74.
KP.3.3	74.
KP.3.3.1	77.
KP.3.3.2	75.
KP.3.3.3	75.
KP.3.3.4	76.
KP.3.4	73.
KP.3.4.1	78.
KP.3.5	72.
KP.3.6	71.
KP.4	72.
KP.4.1	73.
KP.4.1.1	73.
KP.4.1.2	74.
KP.4.1.3	76.
KP.4.2	72.
KP.4.2.1	74.
KP.4.2.2	73.
KP.4.2.3	75.
KP.5	71.
KP.6	71.
KQ.1	70.
KR.1	72.
KR.1.1	72.
KR.1.2	72.
KR.1.3	79.
KR.3	71.
KR.4	74.
KR.4.1	78.
KR.5	76.
KS.1	71.
KS.1.1	73.
KS.1.2	72.
KS.1.3	72.
KT.1	69.
KT.1.1	72.
KT.1.2	72.
KU.1	72.
KU.2	72.5
KU.2.1	75.
KU.2.2	73.
KV.1	73.
KV.2	73.
KW.1	74.
KW.1.1	75.
KW.1.1.1	76.
KW.1.2	74.
KY.1	72.
KZ.1	71.
KZ.1.1	71.
KZ.1.1.1	72.
L.3	18.
LA.1	70.
LA.2	68.
LB.1	68.
LB.1.1	72.
LB.1.2	69.
LB.1.2.1	69.
LB.1.2.2	71.
LB.1.2.3	71.
LB.1.3	70.
LB.1.3.1	72.
LB.1.3.2	71.
LB.1.3.3	71.
LB.1.4	69.
LB.1.4.1	70.
LB.1.4.3	74.
LB.1.5	72.
LB.1.6	70.
LB.1.7	71.
LB.1.7.1	74.
LB.1.7.2	72.
LB.1.7.3	72.
LB.1.8	70.
LB.1.9	71.
LC.1	70.
LD.1	75.
LE.1	70.
LE.1.1	70.
LE.1.2	71.
LE.1.3	75.
LE.1.3.1	79.
LE.2	72.
LF.1	70.
LF.1.1	73.
LF.1.1.1	74.
LF.2	70.
LF.3	71.
LF.3.1	71.
LF.3.1.1	75.
LF.4	70.
LF.4.1	73.
LF.5	70.
LF.6	71.
LF.7	76.
LF.8	72.
LF.8.1	73.
LF.8.1.1	73.
LF.9	68.
LF.9.1	68.
LG.1	76.
LH.1	71.
LH.2	73.
LJ.1	74.
LK.1	74.
LK.2	71.
LK.2.1	73.
LL.1	72.
LM.1	74.
LN.1	71.
LN.1.1	72.
LP.1	74.5
LP.1.1	75.
LP.1.2	76.
LP.2	74.
LP.3	74.
LP.4	76.
LQ.1	69.
LQ.1.1	69.
LQ.2	71.
LQ.3	69.
LR.1	69.
LR.2	73.
LR.3	73.
LS.1	71.
LT.1	74.
LU.1	75.
LU.2	74.
LU.2.1	74.
LU.2.1.1	78.
LU.2.2	78.
LV.1	64.
LV.2	74.
LW.1	77.
LW.1.1	78.
LW.1.2	78.
LY.1	69.
LY.2	72.
LZ.1	73.
LZ.1.1	75.
LZ.2	73.
LZ.2.1	72.
MA.1	70.5
MA.1.1	73.
MA.1.1.1	75.
MB.1	72.5
MB.1.1	72.
MB.1.1.1	73.
MC.1	76.
MC.10	76.
MC.11	76.
MC.11.1	77.
MC.12	75.
MC.13	76.
MC.13.1	77.
MC.14	75.
MC.15	75.
MC.16	76.
MC.2	76.
MC.2.1	76.
MC.3	79.
MC.4	75.
MC.5	76.
MC.6	77.
MC.7	76.
MC.8	76.
MC.8.1	79.
MC.9	77.
MD.1	69.
MD.1.1	69.
MD.2	71.
MD.3	73.
MD.3.1	75.
ME.1	73.
MF.1	77.
MF.2	76.
MG.1	74.
MH.1	71.
MJ.1	72.
MK.1	75.
MK.2	75.
MK.3	79.
ML.1	75.
ML.2	75.
MM.1	75.
MM.2	75.
MN.1	74.
MP.1	68.
MP.1.1	68.
MQ.1	75.
MQ.2	77.
MR.1	78.
MS.1	72.
MT.1	74.
MU.1	75.
MV.1	73.
MW.1	76.
MY.1	77.
MZ.1	73.
N.3	9.
N.4	10.
N.5	12.
N.6	10.
N.9	14.
P.1	23.
P.1.1	24.
P.1.10	25.
P.1.10.1	29.
P.1.11	24.
P.1.12	23.
P.1.12.1	30.
P.1.13	25.
P.1.14	26.
P.1.15	25.
P.1.16	24.
P.1.17	26.
P.1.17.1	28.
P.1.2	28.
P.1.4	23.
P.1.6	25.
P.1.7	25.
P.1.7.1	25.
P.1.8	30.
P.1.9	28.
P.2	15.
P.3	21.
P.4	24.
P.5	23.
P.6	20.
P.7	20.
Q.1	25.
Q.2	30.
Q.3	29.
Q.4	29.
Q.7	30.
Q.8	31.
R.1	17.
W.1	16.
XA	26.
XAA	44.
XAB	43.
XAC	43.
XAD	42.
XAE	44.
XAF	41.
XAG	45.
XAH	39.
XAJ	46.
XAK	43.
XAL	38.
XAM	46.
XAN	45.
XAP	39.
XAQ	39.
XAR	42.
XAS	43.
XAT	42.
XAU	46.
XAV	42.
XAW	71.
XAY	44.
XAY.1	50.
XAY.1.1	51.
XAY.1.1.1	53.
XAY.1.1.2	53.
XAY.1.1.3	55.
XAY.1.2	52.
XAY.2	47.
XAY.2.1	50.
XAY.2.2	51.
XAY.2.3	49.
XAY.3	46.
XAZ	42.
XB	22.
XBA	40.
XBB	55.
XBB.1	56.5
XBB.1.1	58.
XBB.1.10	60.
XBB.1.11	58.
XBB.1.11.1	58.
XBB.1.12	62.
XBB.1.12.1	65.
XBB.1.13	56.
XBB.1.13.1	60.
XBB.1.14	58.
XBB.1.14.1	60.
XBB.1.15	57.
XBB.1.15.1	59.
XBB.1.16	64.
XBB.1.16.1	64.
XBB.1.16.10	65.
XBB.1.16.11	64.
XBB.1.16.12	64.
XBB.1.16.13	66.
XBB.1.16.14	65.
XBB.1.16.15	67.
XBB.1.16.16	65.
XBB.1.16.17	64.
XBB.1.16.18	65.
XBB.1.16.19	65.
XBB.1.16.2	66.
XBB.1.16.20	65.
XBB.1.16.21	65.
XBB.1.16.22	65.
XBB.1.16.23	65.
XBB.1.16.24	70.
XBB.1.16.25	67.
XBB.1.16.26	64.
XBB.1.16.27	77.
XBB.1.16.28	68.
XBB.1.16.29	70.
XBB.1.16.3	65.
XBB.1.16.30	67.
XBB.1.16.31	66.
XBB.1.16.32	68.
XBB.1.16.4	64.
XBB.1.16.5	67.
XBB.1.16.6	67.
XBB.1.16.7	68.
XBB.1.16.8	65.
XBB.1.16.9	66.
XBB.1.17	58.
XBB.1.17.1	58.
XBB.1.17.2	59.
XBB.1.18	58.
XBB.1.18.1	58.
XBB.1.19	59.
XBB.1.19.1	60.
XBB.1.19.2	63.
XBB.1.2	58.
XBB.1.20	60.
XBB.1.21	60.
XBB.1.22	57.
XBB.1.22.1	58.
XBB.1.22.2	61.
XBB.1.22.3	59.
XBB.1.23	60.
XBB.1.24	59.
XBB.1.24.1	59.
XBB.1.24.2	62.
XBB.1.24.3	60.
XBB.1.25	59.
XBB.1.26	58.
XBB.1.27	61.
XBB.1.28	57.
XBB.1.28.1	56.
XBB.1.29	58.
XBB.1.3	56.
XBB.1.30	58.
XBB.1.31	59.
XBB.1.31.1	64.
XBB.1.31.2	60.
XBB.1.32	58.
XBB.1.32.1	65.
XBB.1.33	65.
XBB.1.34	62.
XBB.1.34.1	63.
XBB.1.34.2	64.
XBB.1.35	59.
XBB.1.36	58.
XBB.1.37	57.
XBB.1.37.1	60.
XBB.1.38	57.
XBB.1.38.1	58.
XBB.1.39	58.
XBB.1.4	58.
XBB.1.40	63.
XBB.1.4.1	59.
XBB.1.41	58.
XBB.1.41.1	58.
XBB.1.41.2	62.
XBB.1.41.3	61.
XBB.1.4.2	63.
XBB.1.42	59.
XBB.1.42.1	59.
XBB.1.42.2	61.
XBB.1.43	58.
XBB.1.43.1	60.
XBB.1.44	58.
XBB.1.44.1	61.
XBB.1.45	57.
XBB.1.45.1	60.
XBB.1.46	58.
XBB.1.47	62.
XBB.1.47.1	65.
XBB.1.48	59.
XBB.1.49	59.
XBB.1.5	57.
XBB.1.5.1	58.
XBB.1.5.10	59.
XBB.1.5.100	59.
XBB.1.5.101	60.
XBB.1.5.102	62.
XBB.1.5.103	62.
XBB.1.5.104	59.
XBB.1.5.105	64.
XBB.1.5.106	62.
XBB.1.5.107	59.
XBB.1.5.108	63.
XBB.1.5.109	62.
XBB.1.5.11	59.
XBB.1.5.110	58.
XBB.1.5.12	58.
XBB.1.5.13	60.
XBB.1.5.14	59.
XBB.1.5.15	60.
XBB.1.5.16	59.
XBB.1.5.17	60.
XBB.1.5.18	60.
XBB.1.5.19	60.
XBB.1.5.2	58.
XBB.1.5.20	60.
XBB.1.5.21	60.
XBB.1.5.22	59.
XBB.1.5.23	58.
XBB.1.5.24	58.
XBB.1.5.25	60.
XBB.1.5.26	59.
XBB.1.5.27	61.
XBB.1.5.28	58.
XBB.1.5.29	63.
XBB.1.5.3	58.
XBB.1.5.30	58.
XBB.1.5.31	59.
XBB.1.5.32	60.
XBB.1.5.33	59.
XBB.1.5.34	60.
XBB.1.5.35	59.
XBB.1.5.36	59.
XBB.1.5.37	60.
XBB.1.5.38	59.
XBB.1.5.39	60.
XBB.1.5.4	59.
XBB.1.5.40	58.
XBB.1.5.41	63.
XBB.1.5.42	61.
XBB.1.5.43	58.
XBB.1.5.44	63.
XBB.1.5.45	59.
XBB.1.5.46	61.
XBB.1.5.47	60.
XBB.1.5.48	60.
XBB.1.5.49	60.
XBB.1.5.5	61.
XBB.1.5.50	62.
XBB.1.5.51	60.
XBB.1.5.52	59.
XBB.1.5.53	61.
XBB.1.5.54	61.
XBB.1.5.55	59.
XBB.1.5.56	60.
XBB.1.5.57	59.
XBB.1.5.58	62.
XBB.1.5.59	60.
XBB.1.5.6	60.
XBB.1.5.60	60.
XBB.1.5.61	61.
XBB.1.5.62	59.
XBB.1.5.63	59.
XBB.1.5.64	60.
XBB.1.5.65	60.
XBB.1.5.66	59.
XBB.1.5.67	59.
XBB.1.5.68	60.
XBB.1.5.69	60.
XBB.1.5.7	59.
XBB.1.5.70	66.5
XBB.1.5.71	60.
XBB.1.5.72	62.
XBB.1.5.73	60.
XBB.1.5.74	64.
XBB.1.5.75	60.
XBB.1.5.76	61.
XBB.1.5.77	60.
XBB.1.5.78	60.
XBB.1.5.79	59.
XBB.1.5.8	60.
XBB.1.5.80	60.
XBB.1.5.81	60.
XBB.1.5.82	62.
XBB.1.5.83	61.
XBB.1.5.84	59.
XBB.1.5.85	62.
XBB.1.5.86	59.
XBB.1.5.87	63.
XBB.1.5.88	60.
XBB.1.5.89	61.
XBB.1.5.9	60.
XBB.1.5.90	63.
XBB.1.5.91	59.
XBB.1.5.92	60.
XBB.1.5.93	60.
XBB.1.5.94	60.
XBB.1.5.95	59.
XBB.1.5.96	60.
XBB.1.5.97	61.
XBB.1.5.98	60.
XBB.1.5.99	60.
XBB.1.6	58.
XBB.1.7	58.
XBB.1.8	58.
XBB.1.9	59.
XBB.1.9.1	62.
XBB.1.9.2	62.5
XBB.1.9.3	61.
XBB.1.9.4	60.
XBB.1.9.5	60.
XBB.1.9.6	66.
XBB.1.9.7	63.
XBB.2	55.
XBB.2.1	59.
XBB.2.10	58.
XBB.2.11	56.
XBB.2.11.1	59.
XBB.2.12	58.
XBB.2.2	60.
XBB.2.3	61.
XBB.2.3.1	66.
XBB.2.3.10	61.
XBB.2.3.11	60.
XBB.2.3.12	61.
XBB.2.3.13	61.
XBB.2.3.14	61.
XBB.2.3.15	61.
XBB.2.3.16	62.
XBB.2.3.17	64.
XBB.2.3.18	67.
XBB.2.3.19	62.
XBB.2.3.2	63.
XBB.2.3.20	63.
XBB.2.3.21	67.
XBB.2.3.22	64.
XBB.2.3.3	60.
XBB.2.3.4	61.
XBB.2.3.5	61.
XBB.2.3.6	64.
XBB.2.3.7	61.
XBB.2.3.8	63.
XBB.2.3.9	62.
XBB.2.4	55.
XBB.2.5	55.
XBB.2.6	58.
XBB.2.6.1	58.
XBB.2.6.2	58.
XBB.2.6.3	61.
XBB.2.7	56.
XBB.2.7.1	59.
XBB.2.8	56.
XBB.2.9	60.
XBB.3	57.
XBB.3.1	58.
XBB.3.2	59.
XBB.3.3	61.
XBB.3.4	59.
XBB.3.5	60.
XBB.4	56.
XBB.4.1	61.
XBB.5	57.
XBB.6	57.
XBB.6.1	60.
XBB.7	60.
XBB.8	57.
XBB.8.1	61.
XBB.8.2	59.
XBB.9	62.
XBC	38.
XBC.1	39.
XBC.1.1	47.
XBC.1.1.1	48.
XBC.1.1.2	54.
XBC.1.2	41.
XBC.1.2.1	47.
XBC.1.3	41.
XBC.1.3.1	47.
XBC.1.4	44.
XBC.1.5	44.
XBC.1.6	51.
XBC.1.6.1	52.
XBC.1.6.2	52.
XBC.1.6.3	53.
XBC.1.6.4	54.
XBC.1.6.5	55.
XBC.1.6.6	54.
XBC.1.7	43.
XBC.1.7.1	44.
XBC.1.7.2	46.
XBC.2	42.
XBC.2.1	46.
XBD	50.
XBE	45.
XBF	54.
XBF.1	55.
XBF.10	55.
XBF.1.1	57.
XBF.2	55.
XBF.3	56.
XBF.4	56.
XBF.5	55.
XBF.6	55.
XBF.7	57.
XBF.7.1	60.
XBF.8	56.
XBF.8.1	60.
XBF.9	57.
XBG	48.
XBH	49.
XBJ	57.
XBJ.1	58.
XBJ.1.1	65.
XBJ.2	59.
XBJ.3	59.
XBJ.4	57.
XBK	55.
XBK.1	56.
XBL	62.
XBL.1	64.
XBL.2	63.
XBL.3	64.
XBL.3.1	68.
XBM	46.
XBN	60.
XBP	53.
XBQ	55.
XBR	59.
XBS	51.
XBT	50.
XBU	54.
XBV	53.
XBW	56.
XBY	58.
XBZ	52.
XC	29.
XCA	58.
XCB	48.
XCC	63.
XCD	56.
XCE	59.
XCF	58.
XCF.1	62.
XCF.2	61.
XCF.3	60.
XCG	55.
XCH	69.
XCH.1	72.
XCJ	61.
XCK	67.
XCL	64.
XCM	65.
XCN	76.
XCP	67.
XCQ	59.
XCR	69.
XCS	68.
XCT	73.
XCT.1	74.
XCU	61.
XCV	68.
XCW	67.
XCY	66.
XCZ	75.
XD	38.
XDA	67.
XDA.1	69.
XDB	62.
XDC	71.
XDD	69.
XDD.1	72.
XDD.1.1	71.
XDD.1.1.1	71.
XDD.2	70.
XDD.3	75.
XDE	67.
XDF	71.
XDG	74.
XDH	62.
XDJ	71.
XDK	71.
XDK.1	74.
XDK.1.1	75.
XDK.1.2	74.
XDK.2	75.
XDK.3	73.
XDK.4	72.
XDK.4.1	75.
XDK.5	72.
XDK.6	77.
XDL	73.
XDM	69.
XDN	74.
XDP	73.
XDP.1	76.
XDP.2	75.
XDP.3	74.
XDQ	69.
XDQ.1	69.
XDQ.1.1	70.
XDQ.2	70.
XDQ.3	70.
XDR	67.
XDR.1	71.
XDR.1.1	74.
XDR.1.2	74.
XDS	72.
XDT	75.
XDU	69.
XDV	71.
XDV.1	72.
XDV.1.1	74.
XDV.1.10	77.
XDV.1.11	73.
XDV.1.2	74.
XDV.1.2.1	78.
XDV.1.3	72.
XDV.1.4	73.
XDV.1.5	75.
XDV.1.6	79.
XDV.1.7	74.
XDV.1.7.1	77.
XDV.1.8	74.
XDV.1.9	73.
XDV.1.9.1	74.
XDW	68.
XDY	78.
XDZ	68.
XE	38.
XEA	77.
XEB	73.
XEC	78.
XEC.1	82.
XEC.2	80.
XED	76.
XEE	76.
XEF	73.
XEG	73.
XEH	76.
XEJ	76.
XEK	81.
XF	31.
XG	46.
XH	42.
XJ	41.
XK	39.
XL	44.
XM	36.
XN	43.
XP	32.
XQ	42.
XR	45.
XS	35.
XT	38.
XU	43.
XV	39.
XW	44.
XY	44.
XZ	40.